[
  {
    "id": "986ce82b-3d4a-4dd3-ac7f-3c1378636aa9",
    "data": [
      {
        "text": "project",
        "userDefined": false
      }
    ],
    "isTemplate": false,
    "count": 0,
    "updated": 0
  },
  {
    "id": "0ee8597f-458e-4019-8947-d360bf7fbc28",
    "data": [
      {
        "text": "projects",
        "userDefined": false
      }
    ],
    "isTemplate": false,
    "count": 0,
    "updated": 0
  },
  {
    "id": "daf9174d-2d64-4f10-ae9a-9f7e39dbc412",
    "data": [
      {
        "text": "4",
        "meta": "@sys.ignore",
        "userDefined": false
      }
    ],
    "isTemplate": false,
    "count": 0,
    "updated": 0
  }
]