[
  {
    "id": "8cbc9f08-34ee-4e2d-a9da-6436335532f7",
    "data": [
      {
        "text": "my name is ",
        "userDefined": false
      },
      {
        "text": "di",
        "alias": "fname",
        "meta": "@sys.any",
        "userDefined": true
      }
    ],
    "isTemplate": false,
    "count": 0,
    "updated": 0
  },
  {
    "id": "adbfdb7e-6d23-473c-b634-aa26eca9827a",
    "data": [
      {
        "text": "di",
        "alias": "fname",
        "meta": "@sys.any",
        "userDefined": true
      }
    ],
    "isTemplate": false,
    "count": 0,
    "updated": 0
  },
  {
    "id": "1015806f-7e16-4dfd-a9d3-e1e1c552a94a",
    "data": [
      {
        "text": "9866232997",
        "alias": "number",
        "meta": "@sys.phone-number",
        "userDefined": true
      }
    ],
    "isTemplate": false,
    "count": 0,
    "updated": 0
  },
  {
    "id": "c4e82664-544d-4f03-a9c6-5be245d11368",
    "data": [
      {
        "text": "kumar",
        "alias": "lname",
        "meta": "@sys.any",
        "userDefined": true
      }
    ],
    "isTemplate": false,
    "count": 0,
    "updated": 0
  },
  {
    "id": "b7d07d41-e155-4270-999d-261c4a6f610a",
    "data": [
      {
        "text": "dileep",
        "alias": "fname",
        "meta": "@sys.any",
        "userDefined": true
      }
    ],
    "isTemplate": false,
    "count": 0,
    "updated": 0
  },
  {
    "id": "8e5d5a5b-07a7-46fa-be85-03991343eebb",
    "data": [
      {
        "text": "16-07-1998",
        "alias": "dob",
        "meta": "@sys.any",
        "userDefined": true
      }
    ],
    "isTemplate": false,
    "count": 0,
    "updated": 0
  },
  {
    "id": "d1ef31e6-1d7f-40e0-ae3a-33a720432988",
    "data": [
      {
        "text": "16/07/1998",
        "alias": "dob",
        "meta": "@sys.any",
        "userDefined": true
      }
    ],
    "isTemplate": false,
    "count": 0,
    "updated": 0
  },
  {
    "id": "4d138143-c0bc-4ee7-8a3d-983f3e6db264",
    "data": [
      {
        "text": "hyderabad",
        "alias": "city",
        "meta": "@sys.any",
        "userDefined": true
      }
    ],
    "isTemplate": false,
    "count": 0,
    "updated": 0
  },
  {
    "id": "929c737f-c07f-4882-ba79-6eef270cb55f",
    "data": [
      {
        "text": "C,JAVA,PYTHON",
        "alias": "skills",
        "meta": "@sys.any",
        "userDefined": true
      }
    ],
    "isTemplate": false,
    "count": 0,
    "updated": 0
  }
]