[
  {
    "id": "36f37fac-8262-4b41-8dca-c6e308ea02c0",
    "data": [
      {
        "text": "2019-09-30",
        "alias": "enddate",
        "meta": "@sys.date",
        "userDefined": true
      }
    ],
    "isTemplate": false,
    "count": 0,
    "updated": 0
  },
  {
    "id": "99b3ea37-73b6-4caf-aa15-d1dc4832e9f1",
    "data": [
      {
        "text": "2019-05-01",
        "alias": "startdate",
        "meta": "@sys.date",
        "userDefined": true
      }
    ],
    "isTemplate": false,
    "count": 0,
    "updated": 0
  },
  {
    "id": "ab707f0c-092b-492a-9d86-5fb26993b487",
    "data": [
      {
        "text": "webdeveloper",
        "alias": "role",
        "meta": "@sys.any",
        "userDefined": true
      }
    ],
    "isTemplate": false,
    "count": 0,
    "updated": 0
  },
  {
    "id": "1b6a6539-0713-4629-9870-41d1b4369a40",
    "data": [
      {
        "text": "zettamine",
        "alias": "cname",
        "meta": "@sys.any",
        "userDefined": true
      }
    ],
    "isTemplate": false,
    "count": 0,
    "updated": 0
  }
]