[
  {
    "id": "b6b5aaaa-4562-413a-814b-74fe5e76999c",
    "data": [
      {
        "text": "2016",
        "alias": "interpassyear",
        "meta": "@sys.number-integer",
        "userDefined": true
      }
    ],
    "isTemplate": false,
    "count": 0,
    "updated": 0
  },
  {
    "id": "5eb36c7a-7492-484f-b549-44388ed7fd35",
    "data": [
      {
        "text": "narayana college",
        "alias": "intercollege",
        "meta": "@sys.any",
        "userDefined": true
      }
    ],
    "isTemplate": false,
    "count": 0,
    "updated": 0
  }
]