[
  {
    "id": "932d5ffb-0ba6-4eb0-bfb8-48f5fd22fcb1",
    "data": [
      {
        "text": "456321",
        "alias": "pin",
        "meta": "@sys.any",
        "userDefined": true
      }
    ],
    "isTemplate": false,
    "count": 0,
    "updated": 0
  },
  {
    "id": "fe7c32d6-5a80-43b8-b6f8-c8b4ee50df72",
    "data": [
      {
        "text": "123456",
        "alias": "pin",
        "meta": "@sys.any",
        "userDefined": true
      }
    ],
    "isTemplate": false,
    "count": 0,
    "updated": 0
  }
]