[
  {
    "id": "a1e6ea1d-73c9-44f2-a134-a689b2ce20b8",
    "data": [
      {
        "text": "library book management",
        "alias": "projectdescription",
        "meta": "@sys.any",
        "userDefined": true
      }
    ],
    "isTemplate": false,
    "count": 0,
    "updated": 0
  },
  {
    "id": "68aba533-ef78-4b35-823b-cd68e767bde7",
    "data": [
      {
        "text": "library book finder",
        "alias": "projecttitle",
        "meta": "@sys.any",
        "userDefined": true
      }
    ],
    "isTemplate": false,
    "count": 0,
    "updated": 0
  }
]