[
  {
    "id": "55a3ef1b-70b9-43aa-8408-5632c9cf469b",
    "data": [
      {
        "text": "Library book managemant",
        "alias": "projectdescription",
        "meta": "@sys.any",
        "userDefined": true
      }
    ],
    "isTemplate": false,
    "count": 0,
    "updated": 0
  },
  {
    "id": "8b82f59d-435f-4503-a164-ac7dc079a39f",
    "data": [
      {
        "text": "Library book finder",
        "alias": "projecttitle",
        "meta": "@sys.any",
        "userDefined": true
      }
    ],
    "isTemplate": false,
    "count": 0,
    "updated": 0
  }
]