[
  {
    "id": "3638819d-6dc6-41c2-8945-315967a7d2e7",
    "data": [
      {
        "text": "2014",
        "alias": "tenthpassyear",
        "meta": "@sys.number-integer",
        "userDefined": true
      }
    ],
    "isTemplate": false,
    "count": 0,
    "updated": 0
  },
  {
    "id": "a4b9c56a-102a-47cb-b442-c3c2cf3ea7ad",
    "data": [
      {
        "text": "avrpm school",
        "alias": "tenthschool",
        "meta": "@sys.any",
        "userDefined": true
      }
    ],
    "isTemplate": false,
    "count": 0,
    "updated": 0
  }
]