[
  {
    "id": "7f75f9cf-f364-405c-8ea6-f43ea6d2e214",
    "data": [
      {
        "text": "2020",
        "alias": "ugpassyear",
        "meta": "@sys.number-integer",
        "userDefined": true
      }
    ],
    "isTemplate": false,
    "count": 0,
    "updated": 0
  },
  {
    "id": "2c4aa168-1597-4862-96fd-134177cf5dec",
    "data": [
      {
        "text": "IIITDM KURNOOL",
        "alias": "university",
        "meta": "@sys.any",
        "userDefined": true
      }
    ],
    "isTemplate": false,
    "count": 0,
    "updated": 0
  }
]