[
  {
    "id": "cb918be9-a692-4f1e-93b8-f5723d4ab2c5",
    "data": [
      {
        "text": "2020",
        "alias": "ugpassyear",
        "meta": "@sys.number-integer",
        "userDefined": true
      }
    ],
    "isTemplate": false,
    "count": 0,
    "updated": 0
  },
  {
    "id": "77ca77c0-826c-4e98-b756-406a6d2476a6",
    "data": [
      {
        "text": "IIITDm kurnool",
        "alias": "university",
        "meta": "@sys.any",
        "userDefined": true
      }
    ],
    "isTemplate": false,
    "count": 0,
    "updated": 0
  }
]