[
  {
    "id": "d59dcc22-a45d-4463-8953-0b66d83aaeba",
    "data": [
      {
        "text": "2014",
        "alias": "tenthpassyear",
        "meta": "@sys.number-integer",
        "userDefined": true
      }
    ],
    "isTemplate": false,
    "count": 0,
    "updated": 0
  },
  {
    "id": "1d8d63fe-de81-4cb0-af92-46cdc8fcf83c",
    "data": [
      {
        "text": "avrpm school",
        "alias": "tenthschool",
        "meta": "@sys.any",
        "userDefined": true
      }
    ],
    "isTemplate": false,
    "count": 0,
    "updated": 0
  }
]