[
  {
    "id": "0b2629f0-b99b-4095-b72d-4b49ef3b8655",
    "data": [
      {
        "text": "c,java",
        "alias": "skills",
        "meta": "@sys.any",
        "userDefined": true
      }
    ],
    "isTemplate": false,
    "count": 0,
    "updated": 0
  },
  {
    "id": "4cd26f88-bf52-41eb-9105-7bd9aa690537",
    "data": [
      {
        "text": "dileep",
        "alias": "fname",
        "meta": "@sys.any",
        "userDefined": true
      }
    ],
    "isTemplate": false,
    "count": 0,
    "updated": 0
  },
  {
    "id": "e4489951-6a38-47b6-8086-2f609e93a3fc",
    "data": [
      {
        "text": "kumar",
        "alias": "lname",
        "meta": "@sys.any",
        "userDefined": true
      }
    ],
    "isTemplate": false,
    "count": 0,
    "updated": 0
  },
  {
    "id": "9915d3e8-c73f-45f7-8bbc-ed4dc505fe85",
    "data": [
      {
        "text": "vijayawada",
        "alias": "city",
        "meta": "@sys.any",
        "userDefined": true
      }
    ],
    "isTemplate": false,
    "count": 0,
    "updated": 0
  },
  {
    "id": "fc5cfe1b-85b9-4f38-8b0e-31a5cc44b7b4",
    "data": [
      {
        "text": "16/07/1998",
        "alias": "dob",
        "meta": "@sys.any",
        "userDefined": true
      }
    ],
    "isTemplate": false,
    "count": 0,
    "updated": 0
  },
  {
    "id": "9beba812-1ddb-45c5-b21e-a43236abd6ce",
    "data": [
      {
        "text": "9866232997",
        "alias": "number",
        "meta": "@sys.phone-number",
        "userDefined": true
      }
    ],
    "isTemplate": false,
    "count": 0,
    "updated": 0
  }
]