[
  {
    "id": "cf1aa75a-cfd8-499f-b937-42c827cf4f3f",
    "data": [
      {
        "text": "chatbot developer",
        "alias": "role",
        "meta": "@sys.any",
        "userDefined": true
      }
    ],
    "isTemplate": false,
    "count": 0,
    "updated": 0
  },
  {
    "id": "db7ad159-3453-4ead-a721-339fb25eb069",
    "data": [
      {
        "text": "web developer",
        "alias": "role",
        "meta": "@sys.any",
        "userDefined": true
      }
    ],
    "isTemplate": false,
    "count": 0,
    "updated": 0
  },
  {
    "id": "9f1df6b9-86a8-4a72-b3f3-55e800b19370",
    "data": [
      {
        "text": "zettamine",
        "alias": "cname",
        "meta": "@sys.any",
        "userDefined": true
      }
    ],
    "isTemplate": false,
    "count": 0,
    "updated": 0
  }
]