[
  {
    "id": "b1ce2383-7384-4e42-99f4-8fb3d73d7dcb",
    "data": [
      {
        "text": "2016",
        "alias": "interpassyear",
        "meta": "@sys.number-integer",
        "userDefined": true
      }
    ],
    "isTemplate": false,
    "count": 0,
    "updated": 0
  },
  {
    "id": "36d6130b-c734-4634-aea6-468136348edf",
    "data": [
      {
        "text": "narayan college",
        "alias": "intercollege",
        "meta": "@sys.any",
        "userDefined": true
      }
    ],
    "isTemplate": false,
    "count": 0,
    "updated": 0
  }
]