[
  {
    "id": "efddda00-79b2-4e81-8760-0c90988ed3ea",
    "data": [
      {
        "text": "90",
        "alias": "Tenthpercentage",
        "meta": "@sys.percentage",
        "userDefined": true
      }
    ],
    "isTemplate": false,
    "count": 0,
    "updated": 0
  },
  {
    "id": "ee9db8b8-694b-4e37-b9df-5ed9e0674a3e",
    "data": [
      {
        "text": "67%",
        "alias": "Tenthpercentage",
        "meta": "@sys.percentage",
        "userDefined": true
      }
    ],
    "isTemplate": false,
    "count": 0,
    "updated": 0
  },
  {
    "id": "2e81ebf4-9215-47da-8fdc-fa51ae4ed0cb",
    "data": [
      {
        "text": "97.7%",
        "alias": "Tenthpercentage",
        "meta": "@sys.percentage",
        "userDefined": false
      }
    ],
    "isTemplate": false,
    "count": 0,
    "updated": 0
  },
  {
    "id": "ad6a0d9d-a01a-4b29-946b-0df33ac1dc03",
    "data": [
      {
        "text": "97%",
        "alias": "Tenthpercentage",
        "meta": "@sys.percentage",
        "userDefined": true
      }
    ],
    "isTemplate": false,
    "count": 0,
    "updated": 0
  }
]